-- Insert initial data
INSERT INTO `doctors` (`name`, `qualifications`, `designation`, `workplace`) VALUES
('Dr. MD. FAZLE ELAHI', 'MBBS, MD Pathology (BSMMU), BCS (Health)', 'Consultant (Pathology)', 'Chittagong Medical College');

INSERT INTO `users` (`username`, `password`, `role`) VALUES
('admin', '$2y$12$C2H8ffZkv5eSqPrMDcbhseGhfj9OqqgEX0lLjDd0azaRzyybPtQAK', 'admin'),
('staff', '$2y$12$2dvVr0zOnTAz.rriez8aT.agEzRMzlivpFb4PC6RMVitGTuInPkra', 'staff');

-- Insert data into consumable_info
INSERT INTO `consumable_info` (`consumable_code`, `name`, `price`, `unit`) VALUES
('NEEDLE_21G', '21G Disposable Needle', 5.00, 'piece'),
('NEEDLE_23G', '23G Disposable Needle', 5.00, 'piece'),
('SYRINGE_3ML', '3ml Disposable Syringe', 8.00, 'piece'),
('SYRINGE_5ML', '5ml Disposable Syringe', 10.00, 'piece'),
('VACUTAINER_RED', 'Red Top Vacutainer Tube', 15.00, 'piece'),
('VACUTAINER_PURPLE', 'Purple Top Vacutainer Tube', 15.00, 'piece'),
('VACUTAINER_GREEN', 'Green Top Vacutainer Tube', 15.00, 'piece'),
('VACUTAINER_BLUE', 'Blue Top Vacutainer Tube', 15.00, 'piece'),
('TOURNIQUET', 'Disposable Tourniquet', 3.00, 'piece'),
('ALCOHOL_SWAB', 'Alcohol Swab', 2.00, 'piece'),
('BAND_AID', 'Adhesive Bandage', 1.00, 'piece'),
('URINE_CUP', 'Sterile Urine Collection Cup', 10.00, 'piece'),
('URINE_STRIP', 'Urine Test Strip', 20.00, 'packet'),
('STOOL_CONTAINER', 'Stool Collection Container', 8.00, 'piece'),
('STOOL_SCOOP', 'Stool Collection Scoop', 5.00, 'piece'),
('SWAB_STERILE', 'Sterile Swab', 5.00, 'piece'),
('CULTURE_PLATE', 'Culture Plate', 25.00, 'piece'),
('GRAM_STAIN_KIT', 'Gram Stain Kit', 50.00, 'kit'),
('GLOVES_SM', 'Disposable Gloves (Small)', 2.00, 'pair'),
('GLOVES_MD', 'Disposable Gloves (Medium)', 2.00, 'pair'),
('GLOVES_LG', 'Disposable Gloves (Large)', 2.00, 'pair'),
('MASK_SURGICAL', 'Surgical Mask', 5.00, 'piece'),
('APRON_DISPOSABLE', 'Disposable Apron', 8.00, 'piece'),
('SHARPS_CONTAINER', 'Sharps Container', 50.00, 'piece'),
('REAGENT_GLUCOSE', 'Glucose Reagent', 100.00, 'bottle'),
('REAGENT_CHOLESTEROL', 'Cholesterol Reagent', 120.00, 'bottle'),
('REAGENT_UREA', 'Urea Reagent', 90.00, 'bottle'),
('REAGENT_CREATININE', 'Creatinine Reagent', 110.00, 'bottle'),
('REAGENT_BILIRUBIN', 'Bilirubin Reagent', 95.00, 'bottle'),
('REAGENT_ELECTROLYTE', 'Electrolyte Reagent', 150.00, 'bottle'),
('ICT_MAL_KIT', 'Malaria ICT Kit', 200.00, 'kit'),
('ICT_DENGUE_KIT', 'Dengue ICT Kit', 250.00, 'kit'),
('ICT_HIV_KIT', 'HIV ICT Kit', 300.00, 'kit'),
('ICT_HBS_KIT', 'HBsAg ICT Kit', 280.00, 'kit'),
('ICT_PREG_KIT', 'Pregnancy Test Kit', 50.00, 'kit');

-- Insert data into tests_info
INSERT INTO `tests_info` (`test_code`, `test_name`, `category`, `price`, `description`) VALUES
('ICT_MAL', 'Malaria (P.F & P.V)', 'ICT', 450.00, 'Serology Test Report'),
('ICT_PREG', 'Pregnancy', 'Urine', 300.00, 'Pregnancy Test Report'),
('ICT_SALM', 'Salmonella', 'ICT', 550.00, 'Serology Test Report'),
('ICT_HBS', 'HBs Ag', 'ICT', 600.00, 'Serology Test Report'),
('ICT_TB', 'TB', 'ICT', 500.00, 'Tuberculosis Test Report'),
('ICT_TROP', 'Troponin I (cTnI)', 'ICT', 800.00, 'Cardiac Enzyme Test Report'),
('ICT_KALA', 'Kala-Azar', 'ICT', 700.00, 'Serology Test Report'),
('ICT_TPHA', 'TPHA (Syphilis)', 'ICT', 650.00, 'STD Test Report'),
('ICT_HIV', 'HIV (1 & 2) AIDS', 'ICT', 900.00, 'STD Test Report'),
('ICT_PSA', 'PSA', 'ICT', 750.00, 'Pathology Test Report'),
('ICT_DENG', 'Dengue', 'ICT', 850.00, 'Serology Test Report'),
('ICT_IGE', 'IgE (Allergy Test)', 'ICT', 950.00, 'Serology Test Report'),
('BLOOD_TC', 'TC, DC, Hb%, ESR', 'Blood', 400.00, 'Hematology Test Report'),
('BLOOD_CBC', 'CBC', 'Blood', 500.00, 'Hematology Test Report'),
('BLOOD_MP', 'M.P', 'Blood', 350.00, 'Serology Test Report'),
('BLOOD_PLT', 'Platelet Count', 'Blood', 450.00, 'Hematology Test Report'),
('BLOOD_EOS', 'Circulating Eosinophil', 'Blood', 550.00, 'Hematology Test Report'),
('BLOOD_BTCT', 'BT.CT', 'Blood', 600.00, 'Hematology Test Report'),
('BLOOD_SGR_F', 'Sugar - Fasting/Random', 'Blood', 250.00, 'Blood Glucose Test Report'),
('BLOOD_SGR_2H', 'Sugar - 2 Hours After Breakfast', 'Blood', 300.00, 'Blood Glucose Test Report'),
('BLOOD_BILI', 'Serum Bilirubin', 'Blood', 400.00, 'Liver Function Test Report'),
('BLOOD_SGPTSGOT', 'SGPT & SGOT', 'Blood', 500.00, 'Liver Function Test Report'),
('BLOOD_LFT', 'Liver Function Test', 'Blood', 800.00, 'Liver Function Test Report'),
('BLOOD_LIPID', 'Lipid Profile', 'Blood', 900.00, 'Pathology Test Report'),
('BLOOD_CHOL', 'Serum Cholesterol (Total)', 'Blood', 350.00, 'Pathology Test Report'),
('BLOOD_UREA', 'Urea Level / BUN', 'Blood', 450.00, 'Pathology Test Report'),
('BLOOD_CREAT', 'Serum Creatinine', 'Blood', 550.00, 'Pathology Test Report'),
('BLOOD_URIC', 'Serum Uric Acid', 'Blood', 600.00, 'Pathology Test Report'),
('BLOOD_WIDAL', 'Widal Test', 'Blood', 700.00, 'Serology Test Report'),
('BLOOD_ASO', 'ASO Titre', 'Blood', 750.00, 'Serology Test Report'),
('BLOOD_RA', 'R.A. Factor', 'Blood', 800.00, 'Pathology Test Report'),
('BLOOD_VDRL', 'VDRL', 'Blood', 850.00, 'STD Test Report'),
('BLOOD_BG', 'Blood Grouping & Rh Factor', 'Blood', 300.00, 'Hematology Test Report'),
('BLOOD_PT', 'Prothrombin Time', 'Blood', 400.00, 'Hematology Test Report'),
('BLOOD_T3T4TSH', 'T3 T4 TSH', 'Blood', 950.00, 'Thyroid Function Test Report'),
('BLOOD_HBA1C', 'HBA1C', 'Blood', 500.00, 'Blood Glucose Test Report'),
('BLOOD_ALB', 'S. Albumin', 'Blood', 450.00, 'Liver Function Test Report'),
('BLOOD_ELECTRO', 'S. Electrolytes', 'Blood', 600.00, 'Pathology Test Report'),
('BLOOD_CRP', 'C. Reactive Protein', 'Blood', 700.00, 'Pathology Test Report'),
('BLOOD_CPK', 'CPK', 'Blood', 750.00, 'Cardiac Enzyme Test Report'),
('BLOOD_CPKMB', 'CPK-MB', 'Blood', 800.00, 'Cardiac Enzyme Test Report'),
('BLOOD_AGRATIO', 'A.G. Ratio', 'Blood', 850.00, 'Liver Function Test Report'),
('BLOOD_PROT', 'Total Protein', 'Blood', 900.00, 'Liver Function Test Report'),
('STOOL_REOBT', 'Stool R/E, OBT', 'Stool', 400.00, 'Stool Test Report'),
('STOOL_CS', 'Stool Culture & Sensitivity', 'Stool', 800.00, 'Microbiology Test Report'),
('STOOL_RED', 'Stool Reducing Substances', 'Stool', 500.00, 'Stool Test Report'),
('URINE_REME', 'Urine R/E, M/E', 'Urine', 350.00, 'Urine Test Report'),
('URINE_CS', 'Urine Culture & Sensitivity', 'Urine', 750.00, 'Microbiology Test Report'),
('URINE_PREG', 'Urine Pregnancy Test', 'Urine', 300.00, 'Pregnancy Test Report'),
('MICRO_KLB', 'Throat Swab: KLB', 'Microbiology', 450.00, 'Microbiology Test Report'),
('MICRO_THR_CS', 'Throat Swab Culture & Sensitivity', 'Microbiology', 900.00, 'Microbiology Test Report'),
('MICRO_AFB', 'Sputum: AFB', 'Microbiology', 550.00, 'Tuberculosis Test Report'),
('MICRO_SPU_CS', 'Sputum Culture & Sensitivity', 'Microbiology', 950.00, 'Microbiology Test Report'),
('MICRO_SEMEN', 'Semen Analysis', 'Microbiology', 1000.00, 'Semen Analysis Report'),
('MICRO_PS_GRAM', 'P/S: Gram Stain', 'Microbiology', 600.00, 'Microbiology Test Report'),
('MICRO_PS_CS', 'P/S Culture & Sensitivity', 'Microbiology', 1100.00, 'Microbiology Test Report'),
('MICRO_VS_GRAM', 'V/S: Gram Stain', 'Microbiology', 650.00, 'Microbiology Test Report'),
('MICRO_VS_CS', 'V/S Culture & Sensitivity', 'Microbiology', 1150.00, 'Microbiology Test Report'),
('MICRO_PUS_CS', 'Pus Culture & Sensitivity', 'Microbiology', 1200.00, 'Microbiology Test Report'),
('MICRO_SKIN', 'Skin Scraping for Fungus', 'Microbiology', 700.00, 'Skin Analysis Report'),
('MICRO_HISTO', 'Histopathology', 'Microbiology', 1300.00, 'Histopathology Report');

-- Insert data into test_parameters
INSERT INTO `test_parameters` (`test_code`, `parameter_name`, `unit`, `normal_range`, `sort_order`) VALUES
('ICT_MAL', 'Plasmodium falciparum Antigen', 'Qualitative', 'Negative', 1),
('ICT_MAL', 'Plasmodium vivax Antigen', 'Qualitative', 'Negative', 2),
('ICT_PREG', 'hCG (Human Chorionic Gonadotropin)', 'mIU/mL', '>25 = Positive', 1),
('ICT_SALM', 'Salmonella Antibodies', 'Qualitative', 'Negative', 1),
('ICT_HBS', 'HBsAg (Hepatitis B Surface Antigen)', 'Qualitative', 'Negative', 1),
('ICT_TB', 'Mycobacterium tuberculosis Antibodies', 'Qualitative', 'Negative', 1),
('ICT_TROP', 'Troponin I', 'ng/mL', '<0.04', 1),
('ICT_KALA', 'rk39 Antibody (Kala-Azar)', 'Qualitative', 'Negative', 1),
('ICT_TPHA', 'Treponema pallidum Antibodies', 'Qualitative', 'Negative', 1),
('ICT_HIV', 'HIV 1 & 2 Antibodies', 'Qualitative', 'Negative', 1),
('ICT_PSA', 'Prostate-Specific Antigen', 'ng/mL', '<4.0', 1),
('ICT_DENG', 'NS1 Antigen', 'Qualitative', 'Negative', 1),
('ICT_DENG', 'IgG Antibodies', 'Qualitative', 'Negative', 2),
('ICT_DENG', 'IgM Antibodies', 'Qualitative', 'Negative', 3),
('ICT_IGE', 'Total IgE', 'IU/mL', '0-100', 1),
('BLOOD_TC', 'Hemoglobin (Hb)', 'g/dL', 'Male: 13.5-17.5; Female: 12.0-15.5', 1),
('BLOOD_TC', 'Total WBC Count', 'cells/µL', '4000-11000', 2),
('BLOOD_TC', 'Neutrophils', '%', '40-75', 3),
('BLOOD_TC', 'Lymphocytes', '%', '20-45', 4),
('BLOOD_TC', 'ESR', 'mm/hr', 'Male: 0-15; Female: 0-20', 5),
('BLOOD_CBC', 'Haemoglobin', 'g/dL', 'Male: 13.5-17.5; Female: 12.0-15.5', 1),
('BLOOD_CBC', 'ESR', 'mm/hr', 'Male: 0-15; Female: 0-20', 2),
('BLOOD_CBC', 'RBC', 'million/µL', 'Male: 4.5-5.9; Female: 4.0-5.2', 3),
('BLOOD_CBC', 'Platelets', 'cells/µL', '150000-450000', 4),
('BLOOD_CBC', 'WBC', 'cells/µL', '4000-11000', 5),
('BLOOD_CBC', 'Neutrophil', '%', '40-75', 6),
('BLOOD_CBC', 'Lymphocyte', '%', '20-45', 7),
('BLOOD_CBC', 'Monocyte', '%', '2-10', 8),
('BLOOD_CBC', 'Eosinophil', '%', '1-6', 9),
('BLOOD_CBC', 'Basophil', '%', '0-1', 10),
('BLOOD_CBC', 'HTC(PCV)', '%', 'Male: 38.8-50; Female: 34.9-44.5', 11),
('BLOOD_CBC', 'MCV', 'fL', '80-100', 12),
('BLOOD_CBC', 'MCH', 'pg', '27-31', 13),
('BLOOD_CBC', 'MCHC', 'g/dL', '32-36', 14),
('BLOOD_CBC', 'RDWCV', '%', '11.5-14.5', 15),
('BLOOD_MP', 'Malaria Parasite', 'Qualitative', 'Negative', 1),
('BLOOD_PLT', 'Platelet Count', 'cells/µL', '150000-450000', 1),
('BLOOD_EOS', 'Eosinophil Count', 'cells/µL', '50-500', 1),
('BLOOD_BTCT', 'Bleeding Time', 'minutes', '2-7', 1),
('BLOOD_BTCT', 'Clotting Time', 'minutes', '5-11', 2),
('BLOOD_SGR_F', 'Glucose (Fasting)', 'mmol/L', 'Normal: 3.5-6; IFG: 6.1-6.9; DM: ≥7.0', 1),
('BLOOD_SGR_2H', 'Glucose (Postprandial)', 'mg/dL', '<140', 1),
('BLOOD_BILI', 'Total Bilirubin', 'mg/dL', '0.3-1.2', 1),
('BLOOD_BILI', 'Direct Bilirubin', 'mg/dL', '0.0-0.3', 2),
('BLOOD_BILI', 'Indirect Bilirubin', 'mg/dL', '', 3),
('BLOOD_SGPTSGOT', 'SGPT (ALT)', 'U/L', 'Male: <50; Female: <35', 1),
('BLOOD_SGPTSGOT', 'SGOT (AST)', 'U/L', 'Male: <50; Female: <35', 2),
('BLOOD_LFT', 'Total Protein', 'g/dL', '6.0-8.3', 1),
('BLOOD_LFT', 'Albumin', 'g/dL', '3.5-5.0', 2),
('BLOOD_LFT', 'Alkaline Phosphatase (ALP)', 'U/L', '30 - 120', 3),
('BLOOD_LFT', 'Gamma-GT (GGT)', 'U/L', 'Male: <55; Female: <38', 4),
('BLOOD_LFT', 'Total Globulin', 'g/dL', '2.0-3.5', 5),
('BLOOD_LIPID', 'Total Cholesterol', 'mg/dL', '<200', 1),
('BLOOD_LIPID', 'Triglycerides', 'mg/dL', '<150', 4),
('BLOOD_LIPID', 'HDL Cholesterol', 'mg/dL', '>40', 2),
('BLOOD_LIPID', 'LDL Cholesterol', 'mg/dL', '<100', 3),
('BLOOD_CHOL', 'Total Cholesterol', 'mg/dL', '<200', 1),
('BLOOD_UREA', 'Blood Urea Nitrogen', 'mg/dL', '7-20', 1),
('BLOOD_CREAT', 'Creatinine', 'mg/dL', 'Male: 0.6-1.3; Female: 0.5-1.2', 1),
('BLOOD_URIC', 'Uric Acid', 'mg/dL', 'Male: 3.4-7.0; Female: 2.4-6.0', 1),
('BLOOD_WIDAL', 'O Antigen', 'Titer', '<1:80', 1),
('BLOOD_WIDAL', 'H Antigen', 'Titer', '<1:160', 2),
('BLOOD_ASO', 'ASO Titer', 'IU/mL', '<200', 1),
('BLOOD_RA', 'Rheumatoid Factor', 'IU/mL', '<14', 1),
('BLOOD_VDRL', 'VDRL', 'Qualitative', 'Non-reactive', 1),
('BLOOD_BG', 'Blood Group', 'Type', 'A/B/AB/O', 1),
('BLOOD_BG', 'Rh Factor', 'Type', 'Positive/Negative', 2),
('BLOOD_PT', 'Prothrombin Time', 'seconds', '11-13.5', 1),
('BLOOD_PT', 'INR', 'ratio', '0.8-1.2', 2),
('BLOOD_T3T4TSH', 'T3 (Total)', 'ng/dL', '80-200', 1),
('BLOOD_T3T4TSH', 'T4 (Total)', 'µg/dL', '4.5-12.5', 2),
('BLOOD_T3T4TSH', 'TSH', 'µIU/mL', '0.4-4.0', 3),
('BLOOD_HBA1C', 'HBA1C', '%', 'upto 6.3%', 1),
('BLOOD_ALB', 'Albumin', 'g/dL', '3.5-5.0', 1),
('BLOOD_ELECTRO', 'Sodium (Na+)', 'mEq/L', '135-145', 1),
('BLOOD_ELECTRO', 'Potassium (K+)', 'mEq/L', '3.5-5.1', 2),
('BLOOD_ELECTRO', 'Chloride (Cl-)', 'mEq/L', '98-107', 3),
('BLOOD_ELECTRO', 'T-CO2', 'mEq/L', '20-31', 4),
('BLOOD_CRP', 'C-Reactive Protein', 'mg/L', '<10', 1),
('BLOOD_CPK', 'Total CPK', 'U/L', '30-200', 1),
('BLOOD_CPKMB', 'CPK-MB', '%', '<5% of total CPK', 1),
('BLOOD_AGRATIO', 'Albumin/Globulin Ratio', 'ratio', '1.0-2.5', 1),
('BLOOD_PROT', 'Total Protein', 'g/dL', '6.0-8.3', 1),
('STOOL_REOBT', 'Color', 'Description', 'Brown', 1),
('STOOL_REOBT', 'Consistency', 'Description', 'Formed', 2),
('STOOL_REOBT', 'Occult Blood', 'Qualitative', 'Negative', 3),
('STOOL_CS', 'Pathogen Culture', 'Result', 'No growth', 1),
('STOOL_RED', 'Reducing Substances', 'g/dL', '<0.25', 1),
('URINE_REME', 'Color', 'Description', 'Straw-Yellow', 1),
('URINE_REME', 'pH', 'units', '4.5-8.0', 2),
('URINE_REME', 'Protein', 'mg/dL', 'Negative', 3),
('URINE_CS', 'Urine Culture', 'Result', 'No growth', 1),
('URINE_PREG', 'hCG (Urine)', 'mIU/mL', '>25 = Positive', 1),
('MICRO_KLB', 'Klebsiella-Löffler Bacillus', 'Description', 'Negative', 1),
('MICRO_THR_CS', 'Pathogen Identification', 'Result', 'No growth', 1),
('MICRO_AFB', 'Acid-Fast Bacilli', 'Qualitative', 'Negative', 1),
('MICRO_SPU_CS', 'Pathogen Identification', 'Result', 'No growth', 1),
('MICRO_SEMEN', 'Sperm Count', 'million/mL', '≥15', 1),
('MICRO_SEMEN', 'Motility', '%', '≥50', 2),
('MICRO_SEMEN', 'Morphology', '%', '70-75', 3),
('MICRO_PS_GRAM', 'Gram Stain Findings', 'Description', 'Normal flora', 1),
('MICRO_PS_CS', 'Pathogen Identification', 'Result', 'No growth', 1),
('MICRO_VS_GRAM', 'Gram Stain Findings', 'Description', 'Normal flora', 1),
('MICRO_VS_CS', 'Pathogen Identification', 'Result', 'No growth', 1),
('MICRO_PUS_CS', 'Pathogen Identification', 'Result', 'No growth', 1),
('MICRO_SKIN', 'Fungal Elements', 'Qualitative', 'Negative', 1),
('MICRO_HISTO', 'Histopathological Findings', 'Description', 'Normal tissue', 1);

-- Add description column if it doesn't exist
